{"Squares":
	[{"Owner":null,"isOwned?":false,"Price":210,"Square Type":class domain.square.LotSquare,"Track":0,"Name":"The Embarcadero","Location":1},
	{"Owner":null,"isOwned?":false,"Price":250,"Square Type":class domain.square.LotSquare,"Track":0,"Name":"Fisherman's Wharf","Location":2},
	{"Owner":null,"isOwned?":false,"Price":330,"Square Type":class domain.square.LotSquare,"Track":0,"Name":"Beacon St.","Location":5},
	{"Owner":null,"isOwned?":false,"Price":330,"Square Type":class domain.square.LotSquare,"Track":0,"Name":"Boylston St.","Location":7},
	{"Owner":null,"isOwned?":false,"Price":380,"Square Type":class domain.square.LotSquare,"Track":0,"Name":"Newbury St.","Location":8},
	{"Owner":null,"isOwned?":false,"Price":430,"Square Type":class domain.square.LotSquare,"Track":0,"Name":"Fifth Ave.","Location":10},
	{"Owner":null,"isOwned?":false,"Price":430,"Square Type":class domain.square.LotSquare,"Track":0,"Name":"Madison Ave.","Location":11},
	{"Owner":null,"isOwned?":false,"Price":500,"Square Type":class domain.square.LotSquare,"Track":0,"Name":"Wall St.","Location":13},
	{"Owner":null,"isOwned?":false,"Price":130,"Square Type":class domain.square.LotSquare,"Track":0,"Name":"Floride Ave.","Location":17},
	{"Owner":null,"isOwned?":false,"Price":130,"Square Type":class domain.square.LotSquare,"Track":0,"Name":"Miami Ave.","Location":19},
	{"Owner":null,"isOwned?":false,"Price":150,"Square Type":class domain.square.LotSquare,"Track":0,"Name":"Biscayne Ave.","Location":20},{"Owner":null,"isOwned?":false,"Price":210,"Square Type":class domain.square.LotSquare,"Track":0,"Name":"Lombard St.","Location":23},
	{"Owner":null,"isOwned?":false,"Price":60,"Square Type":class domain.square.LotSquare,"Track":1,"Name":"Mediterranean Ave","Location":1},{"Owner":null,"isOwned?":false,"Price":60,"Square Type":class domain.square.LotSquare,"Track":1,"Name":"Baltic Avenue","Location":3},{"Owner":null,"isOwned?":false,"Price":100,"Square Type":class domain.square.LotSquare,"Track":1,"Name":"oriental_ave","Location":6},{"Owner":null,"isOwned?":false,"Price":100,"Square Type":class domain.square.LotSquare,"Track":1,"Name":"vermont_ave","Location":8},{"Owner":null,"isOwned?":false,"Price":120,"Square Type":class domain.square.LotSquare,"Track":1,"Name":"connecticut_ave","Location":9},{"Owner":null,"isOwned?":false,"Price":140,"Square Type":class domain.square.LotSquare,"Track":1,"Name":"St. Charles Place","Location":11},{"Owner":0,"isOwned?":true,"Price":140,"Square Type":class domain.square.LotSquare,"Track":1,"Name":"States Ave","Location":13},{"Owner":null,"isOwned?":false,"Price":160,"Square Type":class domain.square.LotSquare,"Track":1,"Name":"Virginia Ave","Location":14},{"Owner":null,"isOwned?":false,"Price":180,"Square Type":class domain.square.LotSquare,"Track":1,"Name":"St. James Place","Location":16},{"Owner":null,"isOwned?":false,"Price":180,"Square Type":class domain.square.LotSquare,"Track":1,"Name":"Tennessee Avenue","Location":18},{"Owner":null,"isOwned?":false,"Price":200,"Square Type":class domain.square.LotSquare,"Track":1,"Name":"New York Avenue","Location":19},{"Owner":null,"isOwned?":false,"Price":200,"Square Type":class domain.square.LotSquare,"Track":1,"Name":"kentucky_ave","Location":21},{"Owner":null,"isOwned?":false,"Price":200,"Square Type":class domain.square.LotSquare,"Track":1,"Name":"indiana_ave","Location":23},{"Owner":null,"isOwned?":false,"Price":240,"Square Type":class domain.square.LotSquare,"Track":1,"Name":"illinois_ave","Location":24},{"Owner":null,"isOwned?":false,"Price":260,"Square Type":class domain.square.LotSquare,"Track":1,"Name":"St. Charles Place","Location":26},{"Owner":null,"isOwned?":false,"Price":260,"Square Type":class domain.square.LotSquare,"Track":1,"Name":"States Ave","Location":28},{"Owner":null,"isOwned?":false,"Price":280,"Square Type":class domain.square.LotSquare,"Track":1,"Name":"Virginia Ave","Location":29},{"Owner":null,"isOwned?":false,"Price":300,"Square Type":class domain.square.LotSquare,"Track":1,"Name":"pacific_ave","Location":31},{"Owner":null,"isOwned?":false,"Price":300,"Square Type":class domain.square.LotSquare,"Track":1,"Name":"north_carolina_ave","Location":33},{"Owner":null,"isOwned?":false,"Price":320,"Square Type":class domain.square.LotSquare,"Track":1,"Name":"pennslyvania_ave","Location":34},{"Owner":null,"isOwned?":false,"Price":400,"Square Type":class domain.square.LotSquare,"Track":1,"Name":"park_place","Location":37},{"Owner":null,"isOwned?":false,"Price":400,"Square Type":class domain.square.LotSquare,"Track":1,"Name":"boardwalk","Location":39},{"Owner":null,"isOwned?":false,"Price":30,"Square Type":class domain.square.LotSquare,"Track":2,"Name":"Lake St.","Location":1},{"Owner":null,"isOwned?":false,"Price":30,"Square Type":class domain.square.LotSquare,"Track":2,"Name":"Nicollet Ave.","Location":3},{"Owner":null,"isOwned?":false,"Price":60,"Square Type":class domain.square.LotSquare,"Track":2,"Name":"Hennepin Ave.","Location":4},{"Owner":null,"isOwned?":false,"Price":100,"Square Type":class domain.square.LotSquare,"Track":2,"Name":"The Esplanade","Location":8},{"Owner":null,"isOwned?":false,"Price":100,"Square Type":class domain.square.LotSquare,"Track":2,"Name":"Canal St.","Location":9},{"Owner":null,"isOwned?":false,"Price":120,"Square Type":class domain.square.LotSquare,"Track":2,"Name":"Magazine Street","Location":12},{"Owner":null,"isOwned?":false,"Price":60,"Square Type":class domain.square.LotSquare,"Track":2,"Name":"Bourbon St.","Location":13},{"Owner":null,"isOwned?":false,"Price":140,"Square Type":class domain.square.LotSquare,"Track":2,"Name":"Katy Freeway","Location":16},{"Owner":null,"isOwned?":false,"Price":140,"Square Type":class domain.square.LotSquare,"Track":2,"Name":"Westheimer Road","Location":17},{"Owner":null,"isOwned?":false,"Price":160,"Square Type":class domain.square.LotSquare,"Track":2,"Name":"Kirby Drive","Location":19},{"Owner":null,"isOwned?":false,"Price":160,"Square Type":class domain.square.LotSquare,"Track":2,"Name":"Cullen Blvd.","Location":20},{"Owner":null,"isOwned?":false,"Price":180,"Square Type":class domain.square.LotSquare,"Track":2,"Name":"Dekalb Ave.","Location":23},{"Owner":null,"isOwned?":false,"Price":180,"Square Type":class domain.square.LotSquare,"Track":2,"Name":"Young Int'l Blvd.","Location":25},{"Owner":null,"isOwned?":false,"Price":200,"Square Type":class domain.square.LotSquare,"Track":2,"Name":"Decatur St.","Location":26},{"Owner":null,"isOwned?":false,"Price":200,"Square Type":class domain.square.LotSquare,"Track":2,"Name":"Peachtree St.","Location":27},{"Owner":null,"isOwned?":false,"Price":220,"Square Type":class domain.square.LotSquare,"Track":2,"Name":"Randolph St.","Location":29},{"Owner":null,"isOwned?":false,"Price":220,"Square Type":class domain.square.LotSquare,"Track":2,"Name":"Lake Shore Dr.","Location":31},{"Owner":null,"isOwned?":false,"Price":240,"Square Type":class domain.square.LotSquare,"Track":2,"Name":"Wacker Dr.","Location":32},{"Owner":null,"isOwned?":false,"Price":240,"Square Type":class domain.square.LotSquare,"Track":2,"Name":"Michigan Ave.","Location":33},{"Owner":null,"isOwned?":false,"Price":260,"Square Type":class domain.square.LotSquare,"Track":2,"Name":"south_temple","Location":37},{"Owner":null,"isOwned?":false,"Price":260,"Square Type":class domain.square.LotSquare,"Track":2,"Name":"west_temple","Location":38},{"Owner":null,"isOwned?":false,"Price":280,"Square Type":class domain.square.LotSquare,"Track":2,"Name":"north_temple","Location":40},{"Owner":null,"isOwned?":false,"Price":280,"Square Type":class domain.square.LotSquare,"Track":2,"Name":"temple_square","Location":41},{"Owner":null,"isOwned?":false,"Price":300,"Square Type":class domain.square.LotSquare,"Track":2,"Name":"south_street","Location":43},{"Owner":null,"isOwned?":false,"Price":300,"Square Type":class domain.square.LotSquare,"Track":2,"Name":"broad_street","Location":44},{"Owner":null,"isOwned?":false,"Price":320,"Square Type":class domain.square.LotSquare,"Track":2,"Name":"walnut_street","Location":45},{"Owner":null,"isOwned?":false,"Price":320,"Square Type":class domain.square.LotSquare,"Track":2,"Name":"market_street","Location":47},{"Owner":null,"isOwned?":false,"Price":350,"Square Type":class domain.square.LotSquare,"Track":2,"Name":"mulholland_drive","Location":52},{"Owner":null,"isOwned?":false,"Price":400,"Square Type":class domain.square.LotSquare,"Track":2,"Name":"ventura_boulevard","Location":53},{"Owner":null,"isOwned?":false,"Price":500,"Square Type":class domain.square.LotSquare,"Track":2,"Name":"rodeo_drive","Location":55}],"Chance Cards":[],"Community Chance Cards":[],"Turn":1,
	
	
	"Players":[{"Money":0,"Owned Properties":[{"ID":37,"Name":"States Ave"}],"Position":13,"ID":0,"Track":1,"Name":"red"},
				{"Money":3200,"Owned Properties":[],"Position":7,"ID":1,"Track":1,"Name":"blue"}]}